3,4,Cleavage
K,F,-1
M,K,-1
M,S,-1
F,E,-1
F,E,-1
K,R,-1
S,S,-1
L,A,1
G,N,-1
N,G,-1
Q,A,-1
M,S,1
F,R,1
L,A,1
F,Y,1
F,Y,1
F,Y,1
L,A,1
L,A,1
E,R,-1
E,S,-1
I,V,-1
L,A,1
L,V,1
S,S,-1
N,A,-1
R,H,-1
N,Q,-1
H,I,-1
Y,P,1
Y,P,1
F,Y,1
L,A,1
L,A,1
L,A,1
L,A,1
M,A,1
L,A,-1
L,F,1
L,F,1
L,F,1
L,F,1
Y,P,1
Y,P,1
L,A,1
L,A,-1
A,A,1
F,A,1
I,A,1
L,A,-1
L,A,-1
L,A,1
L,A,1
L,A,1
L,A,1
L,A,1
L,A,1
L,A,1
L,A,-1
L,A,1
L,A,1
L,A,1
L,A,1
L,A,1
L,A,-1
L,A,1
L,A,-1
L,A,-1
L,A,1
L,F,1
L,F,1
L,F,1
L,F,1
L,F,1
L,F,1
L,F,1
L,F,1
L,F,1
L,G,1
L,I,1
L,L,1
L,M,1
L,N,1
L,V,1
M,A,1
N,A,1
V,A,-1
Y,A,1
Y,P,1
L,P,-1
S,N,-1
N,C,-1
M,M,1
M,M,1
M,M,1
Y,Y,1
R,N,-1
L,A,1
L,T,1
S,Q,-1
R,G,-1
N,R,-1
A,W,-1
T,T,-1
K,F,-1
K,I,-1
K,T,-1
N,P,-1
A,A,-1
T,D,-1
G,Q,-1
V,N,-1
G,R,-1
P,C,-1
M,M,-1
T,G,-1
L,L,-1
K,N,-1
S,Y,-1
N,T,1
E,T,-1
F,F,1
G,M,-1
T,P,-1
T,D,-1
A,S,-1
L,V,1
L,L,1
R,G,-1
L,I,1
Y,P,1
K,P,-1
D,A,1
T,S,-1
L,E,1
A,V,-1
A,W,-1
I,L,-1
M,L,1
P,Y,-1
Y,L,1
A,A,-1
F,P,1
L,A,1
L,P,1
H,M,-1
L,A,1
A,D,-1
F,N,-1
A,A,-1
S,S,-1
A,L,1
S,L,1
Q,H,-1
N,F,-1
C,E,-1
N,G,-1
Q,A,-1
Y,P,1
N,G,-1
G,V,1
N,G,-1
E,S,-1
N,G,-1
N,G,-1
T,N,-1
V,N,-1
S,L,1
W,L,1
L,L,1
Y,F,1
F,F,1
M,A,1
G,V,1
Y,P,1
I,N,-1
Y,A,1
Q,I,-1
L,V,1
A,P,1
N,Y,-1
M,P,1
M,V,1
M,V,-1
A,F,1
L,Q,1
A,W,-1
M,N,-1
Y,V,-1
V,C,-1
N,F,1
F,P,1
Y,P,1
N,C,-1
N,F,1
N,Y,1
E,L,-1
N,V,-1
P,G,-1
A,L,-1
A,M,-1
G,R,-1
L,T,-1
T,W,-1
V,Y,-1
L,V,1
N,L,-1
K,Y,-1
D,Y,-1
V,Q,-1
M,V,-1
L,S,-1
S,V,-1
V,N,-1
V,V,-1
V,V,-1
Q,L,-1
L,A,1
L,G,1
M,T,1
L,G,-1
S,L,1
L,A,-1
D,N,-1
V,A,-1
E,A,1
S,S,-1
F,P,1
A,C,-1
I,N,-1
R,W,-1
A,L,-1
S,A,-1
S,V,-1
C,R,-1
C,E,-1
D,G,-1
F,P,1
C,K,-1
Y,P,1
A,A,-1
R,Q,-1
S,N,-1
G,A,-1
G,A,-1
G,G,-1
G,L,-1
G,T,-1
G,V,-1
D,V,-1
I,V,-1
S,D,-1
V,S,-1
V,V,-1
L,A,1
L,L,1
Q,T,-1
A,C,-1
N,T,-1
Y,P,1
F,P,-1
G,L,-1
V,F,-1
V,F,-1
V,N,-1
V,Q,-1
N,L,-1
V,N,-1
V,Q,-1
K,L,-1
V,K,-1
V,L,-1
Q,A,-1
G,R,-1
V,V,-1
K,V,-1
N,C,-1
A,M,-1
V,Q,-1
S,L,1
I,P,-1
Y,R,-1
L,L,1
N,I,1
W,V,-1
L,V,1
S,D,-1
N,G,1
N,S,-1
Y,P,1
L,T,-1
D,I,-1
D,R,-1
V,T,-1
A,V,-1
G,Y,1
S,T,-1
H,G,-1
R,N,-1
S,R,-1
W,V,-1
Y,P,1
L,A,1
T,D,-1
S,L,-1
Q,A,-1
Q,L,-1
S,L,1
V,A,-1
K,K,-1
Y,K,-1
Q,S,-1
R,T,-1
T,Q,-1
N,A,-1
T,N,-1
C,S,-1
I,I,-1
N,I,-1
K,D,-1
V,P,-1
M,K,-1
Y,P,1
K,G,-1
T,D,-1
W,W,-1
M,I,1
G,S,-1
V,H,-1
A,T,-1
C,K,-1
C,A,-1
N,Q,-1
G,Y,-1
S,F,1
S,L,1
W,L,1
S,F,1
S,L,1
W,L,1
S,F,1
S,L,1
L,P,1
L,V,-1
S,F,1
S,L,1
W,L,1
S,L,1
W,L,1
A,L,1
E,L,1
G,L,1
H,L,1
I,F,1
I,L,1
L,A,1
L,F,1
L,G,1
L,L,1
R,L,1
S,A,1
S,E,1
S,F,1
S,G,1
S,L,1
S,L,1
S,L,1
S,L,1
S,L,1
S,L,1
S,L,1
S,L,1
S,Q,1
S,R,1
S,V,1
V,L,1
W,A,1
W,F,1
W,G,1
W,L,1
W,V,1
S,L,1
A,L,-1
S,L,1
A,A,1
F,E,1
S,L,1
S,L,1
F,F,1
F,L,1
F,P,1
F,V,1
L,L,1
Y,L,1
R,N,-1
S,L,1
W,L,1
S,L,1
W,L,1
G,A,1
L,V,1
M,A,1
G,V,1
A,Y,-1
S,L,1
S,L,1
F,L,1
Y,P,1
L,P,1
S,L,1
S,L,1
S,L,1
S,L,1
F,L,1
F,P,1
A,L,1
G,L,1
L,A,1
L,L,1
S,L,1
W,L,1
S,L,1
W,L,1
L,T,1
S,L,1
W,L,1
F,D,-1
L,P,1
T,F,-1
G,S,-1
P,V,-1
Y,L,1
F,L,-1
K,H,-1
N,R,-1
C,S,-1
I,R,-1
F,L,1
D,S,-1
S,R,-1
L,P,1
L,W,1
V,A,-1
A,L,-1
F,E,1
K,S,-1
S,T,-1
C,Y,-1
L,A,-1
G,T,-1
P,V,-1
F,R,1
G,S,-1
S,L,-1
L,D,-1
V,A,-1
L,F,1
L,F,1
C,N,-1
T,K,-1
C,K,-1
D,G,-1
N,F,1
M,D,-1
Y,P,1
Y,P,1
L,F,1
N,F,1
N,F,1
L,A,1
N,F,1
G,S,-1
V,V,-1
V,V,-1
C,N,-1
S,S,-1
L,S,-1
F,P,1
Y,Y,1
Y,Y,1
Y,Y,1
Y,Y,1
Y,Y,1
Y,Y,1
N,G,-1
Y,Y,1
T,A,-1
Y,Y,1
Y,Y,1
Y,P,1
Y,Y,1
Y,Y,1
Y,Y,1
Y,Y,1
Y,Y,1
Y,Y,1
Y,Y,1
Y,Y,1
Y,Y,1
Y,Y,1
Y,Y,1
Y,Y,1
Y,P,1
G,M,1
F,G,1
F,L,1
F,P,1
F,P,1
F,P,1
F,P,1
F,P,1
F,P,1
S,P,1
Y,P,1
F,P,1
Y,Y,1
F,V,1
F,P,1
F,M,1
L,T,-1
M,V,-1
Y,L,1
R,I,-1
F,L,1
F,V,1
M,F,1
M,F,1
N,F,1
Y,L,1
Y,T,1
Y,Y,1
F,T,1
T,M,-1
Y,Y,1
W,F,1
F,A,1
F,V,1
M,L,1
M,V,1
Y,F,1
Y,F,1
Y,L,1
Y,V,1
F,Q,1
W,M,-1
Y,Y,1
Y,Y,1
F,A,1
F,H,1
F,Q,1
F,S,-1
F,T,1
F,V,1
F,V,1
F,V,1
F,V,-1
F,V,1
F,V,1
F,V,1
F,V,1
F,Y,1
F,Y,-1
H,F,1
H,V,1
L,F,1
M,F,1
M,P,1
N,V,-1
Q,V,-1
Y,H,1
Y,L,1
Y,Q,-1
D,C,-1
F,L,1
L,I,1
L,A,-1
Y,P,1
L,V,1
P,N,-1
D,V,-1
N,W,-1
L,P,1
L,R,1
Y,Y,1
N,T,-1
Y,P,1
C,N,-1
F,P,1
Y,P,1
Y,P,1
Y,P,1
N,V,-1
Y,P,-1
Y,P,1
F,P,1
M,P,1
P,P,-1
S,P,-1
Y,A,1
Y,D,-1
Y,K,-1
Y,L,1
Y,P,1
Y,P,1
Y,P,1
Y,P,1
Y,P,1
Y,P,1
Y,P,1
Y,P,1
Y,P,1
Y,P,1
Y,P,-1
Y,P,1
Y,P,1
Y,P,1
Y,P,1
Y,T,1
Y,Y,1
Y,Y,1
Y,Y,1
Y,Y,1
Y,Y,1
Y,P,-1
Y,P,1
Y,Y,1
Y,Y,1
Y,Y,1
Y,Y,1
Y,Y,1
Y,Y,1
Y,P,1
L,C,-1
L,T,-1
L,Y,1
N,V,-1
Q,V,-1
W,C,-1
I,T,-1
Y,P,-1
Y,P,1
Y,C,-1
N,Y,-1
S,A,-1
Y,G,-1
L,I,-1
S,I,-1
A,A,-1
C,A,-1
F,P,1
T,M,-1
A,K,-1
V,N,-1
L,V,1
R,E,-1
S,T,-1
L,V,1
Q,A,-1
G,I,-1
F,P,1
F,P,1
H,E,-1
L,V,1
S,K,-1
L,V,1
L,V,1
L,V,1
R,C,-1
L,V,1
L,V,1
L,V,-1
L,V,1
L,V,1
A,V,1
F,V,1
G,V,1
K,V,-1
L,F,1
L,I,1
L,K,-1
L,L,1
L,P,1
L,S,1
L,V,1
M,V,1
Y,V,1
F,P,1
F,P,1
L,V,1
I,T,-1
T,Q,-1
V,L,-1
Y,Q,-1
N,T,-1
S,R,-1
N,K,-1
T,N,-1
F,W,1
M,F,1
Y,P,1
A,S,-1
Y,C,1
L,T,-1
L,V,1
A,N,-1
L,V,1
V,H,-1
E,G,-1
K,N,-1
R,N,-1
A,K,-1
Q,K,-1
C,T,1
A,E,1
R,C,-1
V,N,-1
N,N,-1
S,L,-1
L,V,1
A,K,-1
A,L,-1
F,V,-1
H,F,-1
V,C,-1
W,I,-1
G,N,-1
M,P,-1
L,S,-1
D,G,-1
H,S,-1
R,C,-1
W,R,-1
A,A,-1
N,D,-1
Q,M,-1
F,V,1
F,P,1
L,Q,-1
T,Q,-1
C,A,-1
S,A,-1
Y,S,-1
Y,S,-1
G,N,-1
M,S,-1
V,H,-1
